{
  "project_info": {
    "project_number": "730594244396",
    "project_id": "pts3-e06a6",
    "storage_bucket": "pts3-e06a6.appspot.com"
  },
  "client": [
    {
      "client_info": {
        "mobilesdk_app_id": "1:730594244396:android:d7e614edc67bc7e7929e89",
        "android_client_info": {
          "package_name": "com.example.pts3"
        }
      },
      "oauth_client": [
        {
          "client_id": "730594244396-kr8lt3aqm435u2sif0fvep3g0rij6ugc.apps.googleusercontent.com",
          "client_type": 3
        }
      ],
      "api_key": [
        {
          "current_key": "AIzaSyBDkVjw9IHU6QYAZFAnuS13jNhVYCFdkLQ"
        }
      ],
      "services": {
        "appinvite_service": {
          "other_platform_oauth_client": [
            {
              "client_id": "730594244396-kr8lt3aqm435u2sif0fvep3g0rij6ugc.apps.googleusercontent.com",
              "client_type": 3
            }
          ]
        }
      }
    }
  ],
  "configuration_version": "1"
}